id,label
cju8brv16rx7f0818uf5n89pv.jpg,cju8brv16rx7f0818uf5n89pv.jpg
cju40jl7skiuo0817p0smlgg8.jpg,cju40jl7skiuo0817p0smlgg8.jpg
cju87mrypnb1e0818scv1mxxg.jpg,cju87mrypnb1e0818scv1mxxg.jpg
cju7dglf226g50987ohbthl19.jpg,cju7dglf226g50987ohbthl19.jpg
cju3ttznuftyf09875t11850w.jpg,cju3ttznuftyf09875t11850w.jpg
cju3xiic0ilzp0850lusrb42j.jpg,cju3xiic0ilzp0850lusrb42j.jpg
cju7do8c72dbo0801vxfzxdc4.jpg,cju7do8c72dbo0801vxfzxdc4.jpg
cju7bduyq1rjf08719giru9ho.jpg,cju7bduyq1rjf08719giru9ho.jpg
cju2ti1du4idn0878giuozonw.jpg,cju2ti1du4idn0878giuozonw.jpg
cjyzu9th0qt4r0a46pyl4zik0.jpg,cjyzu9th0qt4r0a46pyl4zik0.jpg
cju0tl3uz8blh0993wxvn7ly3.jpg,cju0tl3uz8blh0993wxvn7ly3.jpg
cju7ae7bq1f820987toc8si1d.jpg,cju7ae7bq1f820987toc8si1d.jpg
cju6x97w4vwua0850x0997r0a.jpg,cju6x97w4vwua0850x0997r0a.jpg
cju5b9oyda4yr0850g9viziyv.jpg,cju5b9oyda4yr0850g9viziyv.jpg
cju1c4fcu40hl07992b8gj0c8.jpg,cju1c4fcu40hl07992b8gj0c8.jpg
cju5fu081d8gc0818l3yylujk.jpg,cju5fu081d8gc0818l3yylujk.jpg
cju6vvb8svhed0801jjcquh5e.jpg,cju6vvb8svhed0801jjcquh5e.jpg
cju8ca4geseia0850i2ru11hw.jpg,cju8ca4geseia0850i2ru11hw.jpg
cju8cattbsivm0818p446wgel.jpg,cju8cattbsivm0818p446wgel.jpg
cju357rxxdaz30878y2esjpjt.jpg,cju357rxxdaz30878y2esjpjt.jpg
cju8chxndsre008015uisl4si.jpg,cju8chxndsre008015uisl4si.jpg
cju3yb47cj1xq0817zfotbni4.jpg,cju3yb47cj1xq0817zfotbni4.jpg
cju2urqpwvxw70835rvndvtsi.jpg,cju2urqpwvxw70835rvndvtsi.jpg
cju2ouil2mssu0993hvxsed6d.jpg,cju2ouil2mssu0993hvxsed6d.jpg
ck2da7fwcjfis07218r1rvm95.jpg,ck2da7fwcjfis07218r1rvm95.jpg
cju6v6g6kvdw007552x6mb0po.jpg,cju6v6g6kvdw007552x6mb0po.jpg
cju1cu1u2474n0878tt7v4tdr.jpg,cju1cu1u2474n0878tt7v4tdr.jpg
cju2t2ivz43i10878zeg8r1br.jpg,cju2t2ivz43i10878zeg8r1br.jpg
cju2t3ibkuecr0835o7si16zv.jpg,cju2t3ibkuecr0835o7si16zv.jpg
cju306x7w05nb0835cunv799x.jpg,cju306x7w05nb0835cunv799x.jpg
cju1c8ffau5770835g0g343o8.jpg,cju1c8ffau5770835g0g343o8.jpg
cju15l5ubz9yh0855b3ivdpse.jpg,cju15l5ubz9yh0855b3ivdpse.jpg
cju7fpfzq2wyf0818xxd1oziv.jpg,cju7fpfzq2wyf0818xxd1oziv.jpg
cju30mm25a53s0799qa5wiqe8.jpg,cju30mm25a53s0799qa5wiqe8.jpg
cju7da88w2eod0755wejzynvt.jpg,cju7da88w2eod0755wejzynvt.jpg
cju2s2527pfyr0993l3h1149a.jpg,cju2s2527pfyr0993l3h1149a.jpg
cju887ftknop008177nnjt46y.jpg,cju887ftknop008177nnjt46y.jpg
cju35k2fr3vc50988c85qkrwg.jpg,cju35k2fr3vc50988c85qkrwg.jpg
cju2lyynuymli0855g7fxgbhe.jpg,cju2lyynuymli0855g7fxgbhe.jpg
cju2hfqnmhisa0993gpleeldd.jpg,cju2hfqnmhisa0993gpleeldd.jpg
cju7fnfv02tt90801djnix9m8.jpg,cju7fnfv02tt90801djnix9m8.jpg
cju0qoxqj9q6s0835b43399p4.jpg,cju0qoxqj9q6s0835b43399p4.jpg
cjyzuio1qgh040763k56deohv.jpg,cjyzuio1qgh040763k56deohv.jpg
cju8bj2ssrmlm0871gc2ug2rs.jpg,cju8bj2ssrmlm0871gc2ug2rs.jpg
cju5xq3tdm9fn0987pbedxdg5.jpg,cju5xq3tdm9fn0987pbedxdg5.jpg
cju2rzpsmtb0f0835jabkbao1.jpg,cju2rzpsmtb0f0835jabkbao1.jpg
cju7b1ygu1msd0801hywhy0mc.jpg,cju7b1ygu1msd0801hywhy0mc.jpg
cju1f79yhsb5w0993txub59ol.jpg,cju1f79yhsb5w0993txub59ol.jpg
cju5wrrs0m2af0818vmnajbtw.jpg,cju5wrrs0m2af0818vmnajbtw.jpg
cju5thdbrjp1108715xdfx356.jpg,cju5thdbrjp1108715xdfx356.jpg
cjyzkpsbjdsjq07211dfi4sru.jpg,cjyzkpsbjdsjq07211dfi4sru.jpg
cju30j1rgadut0801vuyrsnt8.jpg,cju30j1rgadut0801vuyrsnt8.jpg
cju2trtjf4qjd0878a2zle9v9.jpg,cju2trtjf4qjd0878a2zle9v9.jpg
cju2zr3c3vwb00993jn06bbaz.jpg,cju2zr3c3vwb00993jn06bbaz.jpg
cju6xifswvwbo0987nibtdr50.jpg,cju6xifswvwbo0987nibtdr50.jpg
cju2nbdpmlmcj0993s1cht0dz.jpg,cju2nbdpmlmcj0993s1cht0dz.jpg
cju17r8il13910799dr2wme2e.jpg,cju17r8il13910799dr2wme2e.jpg
cju1b0y2e396p08558ois175d.jpg,cju1b0y2e396p08558ois175d.jpg
cju2uzabhs6er0993x3aaf87p.jpg,cju2uzabhs6er0993x3aaf87p.jpg
cju3ya7goj6at0818v2l5ay7f.jpg,cju3ya7goj6at0818v2l5ay7f.jpg
cju3xuj20ivgp0818mij8bjrd.jpg,cju3xuj20ivgp0818mij8bjrd.jpg
cju31w6goazci0799n014ly1q.jpg,cju31w6goazci0799n014ly1q.jpg
cju2zpw4q9vzr0801p0lysjdl.jpg,cju2zpw4q9vzr0801p0lysjdl.jpg
cju2p4ddkmzxj0993p94o62av.jpg,cju2p4ddkmzxj0993p94o62av.jpg
cju7aez2x1jtj0871ztezs3oi.jpg,cju7aez2x1jtj0871ztezs3oi.jpg
cju5k7r0yf98c09878csbxb4d.jpg,cju5k7r0yf98c09878csbxb4d.jpg
cju5knbbqfipk080128cggukq.jpg,cju5knbbqfipk080128cggukq.jpg
cju2zkpdl9h7t0799ix60teqg.jpg,cju2zkpdl9h7t0799ix60teqg.jpg
cju2ulk385h170799rlklxob0.jpg,cju2ulk385h170799rlklxob0.jpg
cju7dqcwi2dz00850gcmr2ert.jpg,cju7dqcwi2dz00850gcmr2ert.jpg
cju2hgsptlfam0835o3b59h1o.jpg,cju2hgsptlfam0835o3b59h1o.jpg
cju88v2f9oi8w0871hx9auh01.jpg,cju88v2f9oi8w0871hx9auh01.jpg
cju77b3wyz4160755qis4ljsb.jpg,cju77b3wyz4160755qis4ljsb.jpg
cju6us80mv1b50871ebyq2wxa.jpg,cju6us80mv1b50871ebyq2wxa.jpg
cju8c5223s8j80850b4kealt4.jpg,cju8c5223s8j80850b4kealt4.jpg
cju17hw9hr9c5098800fu4u8e.jpg,cju17hw9hr9c5098800fu4u8e.jpg
cju1fm3id6gl50801r3fok20c.jpg,cju1fm3id6gl50801r3fok20c.jpg
cju45ofd9ne1j0801ri8dup7t.jpg,cju45ofd9ne1j0801ri8dup7t.jpg
cju3ul8dogf1z09872y2ecowp.jpg,cju3ul8dogf1z09872y2ecowp.jpg
cju5x00l6m5j608503k78ptee.jpg,cju5x00l6m5j608503k78ptee.jpg
cju85dx63lic408017f0l0400.jpg,cju85dx63lic408017f0l0400.jpg
cju76o55nymqd0871h31sph9w.jpg,cju76o55nymqd0871h31sph9w.jpg
cju2u73dj53oz0878486k8k4b.jpg,cju2u73dj53oz0878486k8k4b.jpg
cju85citjlnfm0755i4rk5tqj.jpg,cju85citjlnfm0755i4rk5tqj.jpg
cju2zrojo9kcd0878ld2epejq.jpg,cju2zrojo9kcd0878ld2epejq.jpg
cju5fi0yxd3ei0801v7u0yudn.jpg,cju5fi0yxd3ei0801v7u0yudn.jpg
cju6v3bb2v7xo085090blubyw.jpg,cju6v3bb2v7xo085090blubyw.jpg
cju1dia8hvc6v098827mgffnm.jpg,cju1dia8hvc6v098827mgffnm.jpg
cju2syxa93yw40799x2iuwabz.jpg,cju2syxa93yw40799x2iuwabz.jpg
cju7cue9b232j0801qdzk1ykj.jpg,cju7cue9b232j0801qdzk1ykj.jpg
cju7etr3y2p4t0801cdzjj8ab.jpg,cju7etr3y2p4t0801cdzjj8ab.jpg
cju16b6ynq8e40988m8vx0xnj.jpg,cju16b6ynq8e40988m8vx0xnj.jpg
cju5vcmrqla7i0817x4sp4pqw.jpg,cju5vcmrqla7i0817x4sp4pqw.jpg
ck2bxpfgxu2mk0748gsh7xelu.jpg,ck2bxpfgxu2mk0748gsh7xelu.jpg
cju5wqonpm0e60801z88ewmy1.jpg,cju5wqonpm0e60801z88ewmy1.jpg
cju5uzmaol56l0817flxh4w9p.jpg,cju5uzmaol56l0817flxh4w9p.jpg
cju2rn0hasxri0835nfy3buay.jpg,cju2rn0hasxri0835nfy3buay.jpg
cju8b542nr81x0871uxnkm9ih.jpg,cju8b542nr81x0871uxnkm9ih.jpg
cju45ty6zn9oz0850qy4qnck1.jpg,cju45ty6zn9oz0850qy4qnck1.jpg
cju5uget8krjy0818kvywd0zu.jpg,cju5uget8krjy0818kvywd0zu.jpg
cju33x0f22peh0988g0ln7w5v.jpg,cju33x0f22peh0988g0ln7w5v.jpg
cju87zv8lni0o0850hbbecbq6.jpg,cju87zv8lni0o0850hbbecbq6.jpg
cju6vrs1ov8cr098788h8gs6j.jpg,cju6vrs1ov8cr098788h8gs6j.jpg
cju5u8gz4kj5b07552e2wpkwp.jpg,cju5u8gz4kj5b07552e2wpkwp.jpg
cju18gzrq18zw0878wbf4ftw6.jpg,cju18gzrq18zw0878wbf4ftw6.jpg
cju2qu37qobl50993aw7ghcfq.jpg,cju2qu37qobl50993aw7ghcfq.jpg
cju8a56vxpy780850r45yu4wk.jpg,cju8a56vxpy780850r45yu4wk.jpg
cju43h43am1dy08176gwfhmnt.jpg,cju43h43am1dy08176gwfhmnt.jpg
cju1egh885m1l0855ci1lt37c.jpg,cju1egh885m1l0855ci1lt37c.jpg
cju5wrapcm2290818jsh26ppb.jpg,cju5wrapcm2290818jsh26ppb.jpg
cju83h9ysjwe808716nt35oah.jpg,cju83h9ysjwe808716nt35oah.jpg
cju7dz5yy2i7z0801ausi7rna.jpg,cju7dz5yy2i7z0801ausi7rna.jpg
cju5f26ebcuai0818xlwh6116.jpg,cju5f26ebcuai0818xlwh6116.jpg
cju7db7lp2f400755tntd1ohf.jpg,cju7db7lp2f400755tntd1ohf.jpg
cju88trl3ogi208716qvti51b.jpg,cju88trl3ogi208716qvti51b.jpg
cju15mhjczc8z0801kit5c6di.jpg,cju15mhjczc8z0801kit5c6di.jpg
cju1c0qb4tzi308355wtsnp0y.jpg,cju1c0qb4tzi308355wtsnp0y.jpg
cju83kxitjv340987z09m0ezy.jpg,cju83kxitjv340987z09m0ezy.jpg
cju8at3s1qqqx0850hcq8nmnq.jpg,cju8at3s1qqqx0850hcq8nmnq.jpg
cju772304yw5t0818vbw8kkjf.jpg,cju772304yw5t0818vbw8kkjf.jpg
cju160wshltz10993i1gmqxbe.jpg,cju160wshltz10993i1gmqxbe.jpg
cju1cbokpuiw70988j4lq1fpi.jpg,cju1cbokpuiw70988j4lq1fpi.jpg
cju2zdvjn9h7r08553cp4eed5.jpg,cju2zdvjn9h7r08553cp4eed5.jpg
cju2hjrqcvi2j0801bx1i6gxg.jpg,cju2hjrqcvi2j0801bx1i6gxg.jpg
cju6v5ilsv8hk0850rb5sgh6o.jpg,cju6v5ilsv8hk0850rb5sgh6o.jpg
cju18ibp219ub08783i6o98g7.jpg,cju18ibp219ub08783i6o98g7.jpg
cju1amqw6p8pw0993d9gc5crl.jpg,cju1amqw6p8pw0993d9gc5crl.jpg
cju330ofbc2l30801th5g3hw6.jpg,cju330ofbc2l30801th5g3hw6.jpg
cju2wxv0hxs2f09884w48v8fi.jpg,cju2wxv0hxs2f09884w48v8fi.jpg
cju32qr9tbvsj08013pkpjenq.jpg,cju32qr9tbvsj08013pkpjenq.jpg
cju34fojcctcf0799ebolbvkn.jpg,cju34fojcctcf0799ebolbvkn.jpg
cju5clr68b48r0755cmuvponm.jpg,cju5clr68b48r0755cmuvponm.jpg
cju14g8o4xui30878gkgbrvqj.jpg,cju14g8o4xui30878gkgbrvqj.jpg
cju6ut4l8va6y0755tyw3vfqq.jpg,cju6ut4l8va6y0755tyw3vfqq.jpg
cju1brhsj3rls0855a1vgdlen.jpg,cju1brhsj3rls0855a1vgdlen.jpg
cju2xwm1s84l50799i60mq0pu.jpg,cju2xwm1s84l50799i60mq0pu.jpg
cju2zy1e49pqk0878t6ncqn12.jpg,cju2zy1e49pqk0878t6ncqn12.jpg
cju5yhgznmkzb0801cji2vi8j.jpg,cju5yhgznmkzb0801cji2vi8j.jpg
cju42nm68lpyo0818xvvqmupq.jpg,cju42nm68lpyo0818xvvqmupq.jpg
cju85c2d4ln1b0755zz1z3onx.jpg,cju85c2d4ln1b0755zz1z3onx.jpg
cju8bafgqrf4x0818twisk3ea.jpg,cju8bafgqrf4x0818twisk3ea.jpg
ck2bxw18mmz1k0725litqq2mc.jpg,ck2bxw18mmz1k0725litqq2mc.jpg
cju1fyb1d69et0878muzdak9u.jpg,cju1fyb1d69et0878muzdak9u.jpg
cju3xvoo2iqlc0817eku2r3wl.jpg,cju3xvoo2iqlc0817eku2r3wl.jpg
cju13hp5rnbjx0835bf0jowgx.jpg,cju13hp5rnbjx0835bf0jowgx.jpg
cju2zp89k9q1g0855k1x0f1xa.jpg,cju2zp89k9q1g0855k1x0f1xa.jpg
cju18kevfrojc0835bn90f1in.jpg,cju18kevfrojc0835bn90f1in.jpg
cju1fjsb4sipq09931lvd8e41.jpg,cju1fjsb4sipq09931lvd8e41.jpg
cju8c5zcbsdfz0801o5t6jag1.jpg,cju8c5zcbsdfz0801o5t6jag1.jpg
cju884985nlmx0817vzpax3y4.jpg,cju884985nlmx0817vzpax3y4.jpg
cju31t8xd17bk0835rnb893jk.jpg,cju31t8xd17bk0835rnb893jk.jpg
cju76lsehyia10987u54vn8rb.jpg,cju76lsehyia10987u54vn8rb.jpg
cju5ymyd8mmdc0801ry3by1xr.jpg,cju5ymyd8mmdc0801ry3by1xr.jpg
cju3x9lttikfb0818a0g104zn.jpg,cju3x9lttikfb0818a0g104zn.jpg
cju2tvrvm53ws0801a0jfjdxg.jpg,cju2tvrvm53ws0801a0jfjdxg.jpg
cju2t9tdwuk700835kv0ljmtl.jpg,cju2t9tdwuk700835kv0ljmtl.jpg
cju5yimthmlv80850zhoc90c2.jpg,cju5yimthmlv80850zhoc90c2.jpg
cju77vvcwzcm50850lzoykuva.jpg,cju77vvcwzcm50850lzoykuva.jpg
cju5bmhdcafs909878qfzrqzi.jpg,cju5bmhdcafs909878qfzrqzi.jpg
cju16whaj0e7n0855q7b6cjkm.jpg,cju16whaj0e7n0855q7b6cjkm.jpg
cju7f6cqy2ur20818t1saazbm.jpg,cju7f6cqy2ur20818t1saazbm.jpg
cju77j66ez52p08019xygi0co.jpg,cju77j66ez52p08019xygi0co.jpg
cju88q6h6obpd0871ckmiabbo.jpg,cju88q6h6obpd0871ckmiabbo.jpg
cju2rmd2rsw9g09888hh1efu0.jpg,cju2rmd2rsw9g09888hh1efu0.jpg
cju7et17a2vjk0755e743npl1.jpg,cju7et17a2vjk0755e743npl1.jpg
cju8914beokbf0850isxpocrk.jpg,cju8914beokbf0850isxpocrk.jpg
cju8b5p40r2c60987ofa0mu03.jpg,cju8b5p40r2c60987ofa0mu03.jpg
cju5cky5xb0ay0801oxet697t.jpg,cju5cky5xb0ay0801oxet697t.jpg
cju2rxm8rpbaf0993o3qr2oph.jpg,cju2rxm8rpbaf0993o3qr2oph.jpg
cju1cvkfwqrec0993wbp1jlzm.jpg,cju1cvkfwqrec0993wbp1jlzm.jpg
cju5cjh3xattc0817j2vbulzi.jpg,cju5cjh3xattc0817j2vbulzi.jpg
cju2m56cryvqd0801gtn2yp8t.jpg,cju2m56cryvqd0801gtn2yp8t.jpg
cju35740hzm0g0993zl5ic246.jpg,cju35740hzm0g0993zl5ic246.jpg
cju1cfhyg48bb0799cl5pr2jh.jpg,cju1cfhyg48bb0799cl5pr2jh.jpg
cju43kj2pm34f0850l28ahpni.jpg,cju43kj2pm34f0850l28ahpni.jpg
cju2tpfa5uyx408359datxqqj.jpg,cju2tpfa5uyx408359datxqqj.jpg
cju7ap09p1kz10850ldccjebj.jpg,cju7ap09p1kz10850ldccjebj.jpg
cju5ddda9bkkt0850enzwatb1.jpg,cju5ddda9bkkt0850enzwatb1.jpg
cju2hugv9vget0799hhk7ksvg.jpg,cju2hugv9vget0799hhk7ksvg.jpg
cju2zo0fwzv580988qlijd2xa.jpg,cju2zo0fwzv580988qlijd2xa.jpg
cju886ryxnsl50801r93jai7q.jpg,cju886ryxnsl50801r93jai7q.jpg
cju88fpm4o0tl0871w1i6a4ds.jpg,cju88fpm4o0tl0871w1i6a4ds.jpg
cju5wphwwlu3m0987hh3ltg88.jpg,cju5wphwwlu3m0987hh3ltg88.jpg
cju5bwhapakm90987c1v4z46a.jpg,cju5bwhapakm90987c1v4z46a.jpg
cju5buy2bal250818ipl6fqwv.jpg,cju5buy2bal250818ipl6fqwv.jpg
cju0sxqiclckk08551ycbwhno.jpg,cju0sxqiclckk08551ycbwhno.jpg
cju8b7aqtr4a00987coba14b7.jpg,cju8b7aqtr4a00987coba14b7.jpg
cju43c92lm5cj0755lorsorfg.jpg,cju43c92lm5cj0755lorsorfg.jpg
cju45qbf3n9sa0987oonbkly9.jpg,cju45qbf3n9sa0987oonbkly9.jpg
cju324q101fhe08350wae9cif.jpg,cju324q101fhe08350wae9cif.jpg
ck2bxqz3evvg20794iiyv5v2m.jpg,ck2bxqz3evvg20794iiyv5v2m.jpg
cju30ov1oah920801mi8thuyg.jpg,cju30ov1oah920801mi8thuyg.jpg
cju2rnkt22xep0801as160g9t.jpg,cju2rnkt22xep0801as160g9t.jpg
cju83mki1jv5w0817kubxm31r.jpg,cju83mki1jv5w0817kubxm31r.jpg
cju1hhj6mxfp90835n3wofrap.jpg,cju1hhj6mxfp90835n3wofrap.jpg
cju2yi9tz8vky0801yqip0xyl.jpg,cju2yi9tz8vky0801yqip0xyl.jpg
